[
    {
        "timestamp": "2025-05-05T22:33:13.598580",
        "items": [
            {
                "name": "hotdog",
                "quantity": 2,
                "price_per_item": 2.5,
                "item_total": 5.0
            },
            {
                "name": "nachos",
                "quantity": 1,
                "price_per_item": 3.5,
                "item_total": 3.5
            }
        ],
        "subtotal": 8.5,
        "tax": 0.85,
        "total": 9.35
    },
    {
        "timestamp": "2025-05-05T22:33:25.089730",
        "items": [
            {
                "name": "hotdog",
                "quantity": 1,
                "price_per_item": 2.5,
                "item_total": 2.5
            }
        ],
        "subtotal": 2.5,
        "tax": 0.25,
        "total": 2.75
    },
    {
        "timestamp": "2025-05-05T22:33:57.657148",
        "items": [
            {
                "name": "hotdog",
                "quantity": 1,
                "price_per_item": 2.5,
                "item_total": 2.5
            }
        ],
        "subtotal": 2.5,
        "tax": 0.25,
        "total": 2.75
    },
    {
        "timestamp": "2025-05-05T22:34:14.675999",
        "items": [
            {
                "name": "hotdog",
                "quantity": 3,
                "price_per_item": 2.5,
                "item_total": 7.5
            }
        ],
        "subtotal": 7.5,
        "tax": 0.75,
        "total": 8.25
    },
    {
        "timestamp": "2025-05-05T22:37:27.039960",
        "items": [
            {
                "name": "hotdog",
                "quantity": 2,
                "price_per_item": 2.5,
                "item_total": 5.0
            },
            {
                "name": "nachos",
                "quantity": 1,
                "price_per_item": 3.5,
                "item_total": 3.5
            }
        ],
        "subtotal": 8.5,
        "tax": 0.85,
        "total": 9.35
    },
    {
        "timestamp": "2025-05-06T07:49:12.271889",
        "items": [
            {
                "name": "hotdog",
                "quantity": 2,
                "price_per_item": 2.5,
                "item_total": 5.0
            },
            {
                "name": "burrito",
                "quantity": 1,
                "price_per_item": 3.0,
                "item_total": 3.0
            }
        ],
        "subtotal": 8.0,
        "tax": 0.8,
        "total": 8.8
    },
    {
        "timestamp": "2025-05-06T08:10:47.655001",
        "items": [
            {
                "name": "taco",
                "quantity": 3,
                "price_per_item": 2.0,
                "item_total": 6.0
            },
            {
                "name": "soda",
                "quantity": 1,
                "price_per_item": 2.0,
                "item_total": 2.0
            }
        ],
        "subtotal": 8.0,
        "tax": 0.8,
        "total": 8.8
    },
    {
        "timestamp": "2025-05-06T08:31:24.739139",
        "items": [
            {
                "name": "Hotdog",
                "quantity": 2,
                "price_per_item": 2.5,
                "item_total": 5.0
            }
        ],
        "subtotal": 5.0,
        "tax": 0.5,
        "total": 5.5
    },
    {
        "timestamp": "2025-05-06T20:50:41.179674",
        "items": [
            {
                "name": "Quesadilla",
                "quantity": 3,
                "price_per_item": 3.5,
                "item_total": 10.5
            }
        ],
        "subtotal": 10.5,
        "tax": 1.05,
        "total": 11.55
    },
    {
        "timestamp": "2025-05-06T21:18:46.070073",
        "items": [
            {
                "name": "Hotdog",
                "quantity": 1,
                "price_per_item": 2.5,
                "item_total": 2.5
            },
            {
                "name": "Pizza",
                "quantity": 1,
                "price_per_item": 4.0,
                "item_total": 4.0
            }
        ],
        "subtotal": 6.5,
        "tax": 0.65,
        "total": 7.15
    }
]